Day,Number of Bicycle Hires
7/30/2010,6897
7/31/2010,5564
8/1/2010,4303
8/2/2010,6642
8/3/2010,7966
8/4/2010,7893
8/5/2010,8724
8/6/2010,9797
8/7/2010,6631
8/8/2010,7864
8/9/2010,6191
8/10/2010,4802
8/11/2010,14013
8/12/2010,13080
8/13/2010,12151
8/14/2010,9195
8/15/2010,10928
8/16/2010,15384
8/17/2010,15396
8/18/2010,16062
8/19/2010,17170
8/20/2010,16462
8/21/2010,11719
8/22/2010,10129
8/23/2010,12935
8/24/2010,17006
8/25/2010,10062
8/26/2010,9875
8/27/2010,12854
8/28/2010,10116
8/29/2010,7811
8/30/2010,10534
8/31/2010,17508
9/1/2010,19332
9/2/2010,20909
9/3/2010,20113
9/4/2010,14373
9/5/2010,12924
9/6/2010,16841
9/7/2010,25361
9/8/2010,18727
9/9/2010,20774
9/10/2010,19532
9/11/2010,13383
9/12/2010,14002
9/13/2010,18037
9/14/2010,17026
9/15/2010,20890
9/16/2010,20433
9/17/2010,20488
9/18/2010,15495
9/19/2010,11492
9/20/2010,20169
9/21/2010,22906
9/22/2010,23905
9/23/2010,17729
9/24/2010,18053
9/25/2010,14010
9/26/2010,7890
9/27/2010,18789
9/28/2010,21554
9/29/2010,13899
9/30/2010,21823
10/1/2010,11424
10/2/2010,10704
10/3/2010,8237
10/4/2010,23688
10/5/2010,22054
10/6/2010,20114
10/7/2010,24072
10/8/2010,22886
10/9/2010,14463
10/10/2010,14871
10/11/2010,21986
10/12/2010,23016
10/13/2010,22251
10/14/2010,21582
10/15/2010,20934
10/16/2010,12735
10/17/2010,12764
10/18/2010,20464
10/19/2010,17964
10/20/2010,20750
10/21/2010,21161
10/22/2010,20164
10/23/2010,11584
10/24/2010,11259
10/25/2010,18430
10/26/2010,13950
10/27/2010,19559
10/28/2010,19995
10/29/2010,19119
10/30/2010,13493
10/31/2010,8739
11/1/2010,19785
11/2/2010,21754
11/3/2010,27964
11/4/2010,22424
11/5/2010,15815
11/6/2010,11877
11/7/2010,9331
11/8/2010,11328
11/9/2010,16026
11/10/2010,19767
11/11/2010,12901
11/12/2010,14534
11/13/2010,12123
11/14/2010,6235
11/15/2010,18086
11/16/2010,18764
11/17/2010,17005
11/18/2010,15974
11/19/2010,18545
11/20/2010,10806
11/21/2010,8356
11/22/2010,17258
11/23/2010,17427
11/24/2010,18628
11/25/2010,16822
11/26/2010,16092
11/27/2010,7867
11/28/2010,6866
11/29/2010,16681
11/30/2010,9263
12/1/2010,9848
12/2/2010,7356
12/3/2010,8264
12/4/2010,7857
12/5/2010,8321
12/6/2010,13855
12/7/2010,15033
12/8/2010,15225
12/9/2010,16171
12/10/2010,15602
12/11/2010,10328
12/12/2010,8585
12/13/2010,14997
12/14/2010,15550
12/15/2010,13412
12/16/2010,10833
12/17/2010,10366
12/18/2010,2805
12/19/2010,2764
12/20/2010,6876
12/21/2010,7879
12/22/2010,9718
12/23/2010,8867
12/24/2010,5402
12/25/2010,5621
12/26/2010,4383
12/27/2010,3971
12/28/2010,3763
12/29/2010,7010
12/30/2010,7464
12/31/2010,7448
1/1/2011,4555
1/2/2011,6250
1/3/2011,7262
1/4/2011,13430
1/5/2011,13757
1/6/2011,9595
1/7/2011,9294
1/8/2011,9338
1/9/2011,10558
1/10/2011,16058
1/11/2011,16412
1/12/2011,13894
1/13/2011,15911
1/14/2011,14834
1/15/2011,11851
1/16/2011,10471
1/17/2011,10835
1/18/2011,17703
1/19/2011,18350
1/20/2011,17957
1/21/2011,16509
1/22/2011,10658
1/23/2011,9911
1/24/2011,17193
1/25/2011,17045
1/26/2011,16396
1/27/2011,16519
1/28/2011,15538
1/29/2011,9379
1/30/2011,9455
1/31/2011,16260
2/1/2011,16331
2/2/2011,18102
2/3/2011,15593
2/4/2011,14938
2/5/2011,8442
2/6/2011,9437
2/7/2011,16537
2/8/2011,19829
2/9/2011,18197
2/10/2011,11496
2/11/2011,16070
2/12/2011,12855
2/13/2011,7034
2/14/2011,17836
2/15/2011,15667
2/16/2011,18989
2/17/2011,18938
2/18/2011,17460
2/19/2011,6250
2/20/2011,7882
2/21/2011,13720
2/22/2011,15948
2/23/2011,12936
2/24/2011,19230
2/25/2011,18634
2/26/2011,7749
2/27/2011,8349
2/28/2011,13843
3/1/2011,15774
3/2/2011,16929
3/3/2011,16576
3/4/2011,16971
3/5/2011,9847
3/6/2011,7142
3/7/2011,16192
3/8/2011,17240
3/9/2011,18494
3/10/2011,18794
3/11/2011,19074
3/12/2011,15488
3/13/2011,10526
3/14/2011,19451
3/15/2011,19568
3/16/2011,19643
3/17/2011,20036
3/18/2011,14612
3/19/2011,17801
3/20/2011,14694
3/21/2011,20710
3/22/2011,21792
3/23/2011,23837
3/24/2011,23518
3/25/2011,24343
3/26/2011,16095
3/27/2011,17550
3/28/2011,21602
3/29/2011,22080
3/30/2011,18945
3/31/2011,20831
4/1/2011,22048
4/2/2011,19829
4/3/2011,17294
4/4/2011,20949
4/5/2011,16690
4/6/2011,25597
4/7/2011,25451
4/8/2011,26622
4/9/2011,22323
4/10/2011,21346
4/11/2011,22204
4/12/2011,23651
4/13/2011,18909
4/14/2011,22346
4/15/2011,22974
4/16/2011,19632
4/17/2011,22009
4/18/2011,24032
4/19/2011,27914
4/20/2011,27934
4/21/2011,26547
4/22/2011,23719
4/23/2011,19182
4/24/2011,21313
4/25/2011,21669
4/26/2011,22038
4/27/2011,24349
4/28/2011,23794
4/29/2011,19700
4/30/2011,21574
5/1/2011,19489
5/2/2011,18126
5/3/2011,23786
5/4/2011,26183
5/5/2011,23620
5/6/2011,28971
5/7/2011,22274
5/8/2011,21011
5/9/2011,27172
5/10/2011,29417
5/11/2011,27205
5/12/2011,23461
5/13/2011,23991
5/14/2011,21100
5/15/2011,19097
5/16/2011,24620
5/17/2011,25464
5/18/2011,23068
5/19/2011,27534
5/20/2011,27523
5/21/2011,24408
5/22/2011,19348
5/23/2011,24268
5/24/2011,27768
5/25/2011,28708
5/26/2011,18055
5/27/2011,22907
5/28/2011,15693
5/29/2011,18396
5/30/2011,16097
5/31/2011,23312
6/1/2011,26054
6/2/2011,26920
6/3/2011,26641
6/4/2011,15233
6/5/2011,8420
6/6/2011,13812
6/7/2011,22378
6/8/2011,23013
6/9/2011,25061
6/10/2011,20141
6/11/2011,21059
6/12/2011,6061
6/13/2011,23978
6/14/2011,28889
6/15/2011,25643
6/16/2011,17566
6/17/2011,15723
6/18/2011,13721
6/19/2011,17092
6/20/2011,20101
6/21/2011,26780
6/22/2011,22745
6/23/2011,24559
6/24/2011,22137
6/25/2011,17944
6/26/2011,23483
6/27/2011,26243
6/28/2011,21950
6/29/2011,28073
6/30/2011,27297
7/1/2011,27758
7/2/2011,22764
7/3/2011,21423
7/4/2011,27332
7/5/2011,24802
7/6/2011,26207
7/7/2011,20483
7/8/2011,19485
7/9/2011,21360
7/10/2011,20203
7/11/2011,26355
7/12/2011,26633
7/13/2011,25417
7/14/2011,26479
7/15/2011,27114
7/16/2011,10224
7/17/2011,10965
7/18/2011,18541
7/19/2011,21218
7/20/2011,21580
7/21/2011,20951
7/22/2011,25172
7/23/2011,20264
7/24/2011,22464
7/25/2011,25185
7/26/2011,25636
7/27/2011,24989
7/28/2011,26759
7/29/2011,25373
7/30/2011,23930
7/31/2011,21388
8/1/2011,22940
8/2/2011,24290
8/3/2011,26120
8/4/2011,15149
8/5/2011,26792
8/6/2011,20485
8/7/2011,14912
8/8/2011,23489
8/9/2011,23011
8/10/2011,24182
8/11/2011,20573
8/12/2011,22971
8/13/2011,20731
8/14/2011,21115
8/15/2011,23657
8/16/2011,24899
8/17/2011,23010
8/18/2011,16139
8/19/2011,25444
8/20/2011,17334
8/21/2011,21836
8/22/2011,25222
8/23/2011,10953
8/24/2011,22883
8/25/2011,20026
8/26/2011,12368
8/27/2011,14045
8/28/2011,15908
8/29/2011,17443
8/30/2011,21477
8/31/2011,23036
9/1/2011,25110
9/2/2011,25981
9/3/2011,24578
9/4/2011,14967
9/5/2011,21776
9/6/2011,13863
9/7/2011,22746
9/8/2011,23679
9/9/2011,23957
9/10/2011,20069
9/11/2011,17719
9/12/2011,21572
9/13/2011,23962
9/14/2011,25824
9/15/2011,25803
9/16/2011,25567
9/17/2011,15147
9/18/2011,17327
9/19/2011,23708
9/20/2011,23676
9/21/2011,22730
9/22/2011,24601
9/23/2011,25114
9/24/2011,22113
9/25/2011,21211
9/26/2011,20527
9/27/2011,24841
9/28/2011,28434
9/29/2011,29039
9/30/2011,29139
10/1/2011,27129
10/2/2011,26906
10/3/2011,27559
10/4/2011,26131
10/5/2011,26263
10/6/2011,25083
10/7/2011,24529
10/8/2011,18154
10/9/2011,17643
10/10/2011,24198
10/11/2011,26184
10/12/2011,26323
10/13/2011,25149
10/14/2011,26542
10/15/2011,23663
10/16/2011,18530
10/17/2011,23892
10/18/2011,23791
10/19/2011,23259
10/20/2011,23157
10/21/2011,23253
10/22/2011,20482
10/23/2011,18560
10/24/2011,22842
10/25/2011,22771
10/26/2011,17621
10/27/2011,19360
10/28/2011,23158
10/29/2011,18228
10/30/2011,15443
10/31/2011,22999
11/1/2011,22747
11/2/2011,23724
11/3/2011,18676
11/4/2011,18774
11/5/2011,16434
11/6/2011,14317
11/7/2011,20365
11/8/2011,19231
11/9/2011,22542
11/10/2011,23475
11/11/2011,21140
11/12/2011,18933
11/13/2011,17744
11/14/2011,19913
11/15/2011,22245
11/16/2011,21639
11/17/2011,22802
11/18/2011,22461
11/19/2011,18706
11/20/2011,14829
11/21/2011,20824
11/22/2011,20341
11/23/2011,21855
11/24/2011,21870
11/25/2011,21598
11/26/2011,15803
11/27/2011,14362
11/28/2011,20167
11/29/2011,18718
11/30/2011,20956
12/1/2011,16481
12/2/2011,19146
12/3/2011,13776
12/4/2011,10276
12/5/2011,18176
12/6/2011,18943
12/7/2011,19279
12/8/2011,17313
12/9/2011,18421
12/10/2011,11864
12/11/2011,8368
12/12/2011,16554
12/13/2011,17111
12/14/2011,17543
12/15/2011,17081
12/16/2011,11778
12/17/2011,8925
12/18/2011,7485
12/19/2011,11270
12/20/2011,15685
12/21/2011,14158
12/22/2011,15099
12/23/2011,9131
12/24/2011,4890
12/25/2011,17998
12/26/2011,10953
12/27/2011,8076
12/28/2011,9888
12/29/2011,8368
12/30/2011,6900
12/31/2011,7793
1/1/2012,5171
1/2/2012,9091
1/3/2012,10094
1/4/2012,13936
1/5/2012,14191
1/6/2012,17713
1/7/2012,12556
1/8/2012,10487
1/9/2012,19472
1/10/2012,20548
1/11/2012,20958
1/12/2012,20879
1/13/2012,19691
1/14/2012,13843
1/15/2012,12149
1/16/2012,19136
1/17/2012,20170
1/18/2012,17972
1/19/2012,15441
1/20/2012,18703
1/21/2012,13339
1/22/2012,12845
1/23/2012,20193
1/24/2012,13269
1/25/2012,20836
1/26/2012,19515
1/27/2012,20775
1/28/2012,13272
1/29/2012,10949
1/30/2012,18955
1/31/2012,18176
2/1/2012,18208
2/2/2012,16916
2/3/2012,16185
2/4/2012,8348
2/5/2012,3531
2/6/2012,15202
2/7/2012,17722
2/8/2012,16442
2/9/2012,16363
2/10/2012,15117
2/11/2012,9912
2/12/2012,8020
2/13/2012,13172
2/14/2012,17946
2/15/2012,19396
2/16/2012,19505
2/17/2012,19444
2/18/2012,9463
2/19/2012,12655
2/20/2012,18802
2/21/2012,20861
2/22/2012,18112
2/23/2012,23391
2/24/2012,22067
2/25/2012,19349
2/26/2012,17646
2/27/2012,20936
2/28/2012,23423
2/29/2012,23692
3/1/2012,25116
3/2/2012,21928
3/3/2012,17697
3/4/2012,5062
3/5/2012,19342
3/6/2012,21102
3/7/2012,17096
3/8/2012,24123
3/9/2012,23609
3/10/2012,24721
3/11/2012,27758
3/12/2012,28856
3/13/2012,27528
3/14/2012,28296
3/15/2012,29969
3/16/2012,26452
3/17/2012,13391
3/18/2012,19184
3/19/2012,28391
3/20/2012,30817
3/21/2012,31175
3/22/2012,31135
3/23/2012,33635
3/24/2012,35091
3/25/2012,28607
3/26/2012,32368
3/27/2012,34563
3/28/2012,36539
3/29/2012,35954
3/30/2012,35666
3/31/2012,23038
4/1/2012,30513
4/2/2012,32142
4/3/2012,25956
4/4/2012,27912
4/5/2012,24383
4/6/2012,22354
4/7/2012,16848
4/8/2012,15717
4/9/2012,6214
4/10/2012,24898
4/11/2012,29345
4/12/2012,25772
4/13/2012,27673
4/14/2012,26193
4/15/2012,10188
4/16/2012,28188
4/17/2012,20105
4/18/2012,16651
4/19/2012,18759
4/20/2012,22730
4/21/2012,22014
4/22/2012,19707
4/23/2012,19262
4/24/2012,27522
4/25/2012,12737
4/26/2012,21740
4/27/2012,24263
4/28/2012,7827
4/29/2012,9951
4/30/2012,31909
5/1/2012,24523
5/2/2012,28381
5/3/2012,23768
5/4/2012,25503
5/5/2012,16009
5/6/2012,17160
5/7/2012,15227
5/8/2012,28585
5/9/2012,21758
5/10/2012,26164
5/11/2012,31385
5/12/2012,30699
5/13/2012,28778
5/14/2012,23344
5/15/2012,18409
5/16/2012,31453
5/17/2012,31219
5/18/2012,30945
5/19/2012,28474
5/20/2012,22286
5/21/2012,30905
5/22/2012,36720
5/23/2012,40486
5/24/2012,42008
5/25/2012,41357
5/26/2012,39358
5/27/2012,38781
5/28/2012,40872
5/29/2012,37962
5/30/2012,38803
5/31/2012,35630
6/1/2012,34524
6/2/2012,25283
6/3/2012,12207
6/4/2012,22649
6/5/2012,15537
6/6/2012,30297
6/7/2012,23066
6/8/2012,22224
6/9/2012,29258
6/10/2012,20876
6/11/2012,10252
6/12/2012,23742
6/13/2012,34447
6/14/2012,31593
6/15/2012,30944
6/16/2012,26300
6/17/2012,28531
6/18/2012,31089
6/19/2012,37601
6/20/2012,39267
6/21/2012,27052
6/22/2012,33027
6/23/2012,26900
6/24/2012,23509
6/25/2012,36337
6/26/2012,37652
6/27/2012,36767
6/28/2012,39571
6/29/2012,35321
6/30/2012,32982
7/1/2012,27438
7/2/2012,24963
7/3/2012,27163
7/4/2012,32433
7/5/2012,40565
7/6/2012,24723
7/7/2012,24782
7/8/2012,15855
7/9/2012,30523
7/10/2012,29723
7/11/2012,30544
7/12/2012,24736
7/13/2012,28875
7/14/2012,17999
7/15/2012,29938
7/16/2012,24218
7/17/2012,36788
7/18/2012,29841
7/19/2012,37032
7/20/2012,31187
7/21/2012,34776
7/22/2012,38620
7/23/2012,42309
7/24/2012,45748
7/25/2012,45024
7/26/2012,46891
7/27/2012,42815
7/28/2012,44617
7/29/2012,26352
7/30/2012,41891
7/31/2012,35805
8/1/2012,41603
8/2/2012,43183
8/3/2012,43045
8/4/2012,39082
8/5/2012,30150
8/6/2012,37198
8/7/2012,38134
8/8/2012,42263
8/9/2012,46050
8/10/2012,47102
8/11/2012,44111
8/12/2012,41734
8/13/2012,36101
8/14/2012,41532
8/15/2012,36557
8/16/2012,38181
8/17/2012,40821
8/18/2012,40577
8/19/2012,35370
8/20/2012,37997
8/21/2012,39185
8/22/2012,39962
8/23/2012,36578
8/24/2012,33329
8/25/2012,17802
8/26/2012,31939
8/27/2012,27522
8/28/2012,37362
8/29/2012,30916
8/30/2012,30379
8/31/2012,37406
9/1/2012,33123
9/2/2012,27997
9/3/2012,39941
9/4/2012,40298
9/5/2012,40606
9/6/2012,39864
9/7/2012,41414
9/8/2012,40978
9/9/2012,39006
9/10/2012,35489
9/11/2012,37276
9/12/2012,35654
9/13/2012,37938
9/14/2012,36653
9/15/2012,36493
9/16/2012,29785
9/17/2012,35954
9/18/2012,37026
9/19/2012,36136
9/20/2012,35929
9/21/2012,32347
9/22/2012,33867
9/23/2012,8452
9/24/2012,21229
9/25/2012,33706
9/26/2012,27202
9/27/2012,32416
9/28/2012,31880
9/29/2012,31223
9/30/2012,25263
10/1/2012,23627
10/2/2012,30107
10/3/2012,32695
10/4/2012,35136
10/5/2012,23773
10/6/2012,30424
10/7/2012,27168
10/8/2012,22984
10/9/2012,32965
10/10/2012,35221
10/11/2012,25324
10/12/2012,31694
10/13/2012,26289
10/14/2012,25440
10/15/2012,30558
10/16/2012,33253
10/17/2012,30285
10/18/2012,32566
10/19/2012,21001
10/20/2012,25411
10/21/2012,15563
10/22/2012,27294
10/23/2012,31996
10/24/2012,33882
10/25/2012,29515
10/26/2012,26404
10/27/2012,17144
10/28/2012,15305
10/29/2012,24276
10/30/2012,30325
10/31/2012,29241
11/1/2012,26888
11/2/2012,28748
11/3/2012,21498
11/4/2012,11693
11/5/2012,27666
11/6/2012,27038
11/7/2012,29537
11/8/2012,29895
11/9/2012,29349
11/10/2012,18018
11/11/2012,20971
11/12/2012,23680
11/13/2012,30511
11/14/2012,31453
11/15/2012,30165
11/16/2012,28143
11/17/2012,20325
11/18/2012,21664
11/19/2012,28127
11/20/2012,25921
11/21/2012,20554
11/22/2012,27783
11/23/2012,27973
11/24/2012,8902
11/25/2012,16894
11/26/2012,20656
11/27/2012,20388
11/28/2012,21403
11/29/2012,26212
11/30/2012,24838
12/1/2012,16068
12/2/2012,15227
12/3/2012,23592
12/4/2012,26144
12/5/2012,23111
12/6/2012,22645
12/7/2012,20140
12/8/2012,17805
12/9/2012,14147
12/10/2012,23937
12/11/2012,23531
12/12/2012,22344
12/13/2012,21704
12/14/2012,17085
12/15/2012,16962
12/16/2012,14128
12/17/2012,22899
12/18/2012,23651
12/19/2012,16828
12/20/2012,12401
12/21/2012,20395
12/22/2012,5644
12/23/2012,9184
12/24/2012,7985
12/25/2012,16816
12/26/2012,10405
12/27/2012,9013
12/28/2012,10947
12/29/2012,8498
12/30/2012,11343
12/31/2012,8865
1/1/2013,12149
1/2/2013,16203
1/3/2013,21269
1/4/2013,22435
1/5/2013,16242
1/6/2013,13622
1/7/2013,23348
1/8/2013,25909
1/9/2013,25341
1/10/2013,24363
1/11/2013,23869
1/12/2013,13562
1/13/2013,12260
1/14/2013,17427
1/15/2013,22797
1/16/2013,22460
1/17/2013,22210
1/18/2013,13108
1/19/2013,7843
1/20/2013,3728
1/21/2013,13467
1/22/2013,18061
1/23/2013,19404
1/24/2013,20721
1/25/2013,20178
1/26/2013,14595
1/27/2013,13689
1/28/2013,18689
1/29/2013,21268
1/30/2013,23415
1/31/2013,21957
2/1/2013,18081
2/2/2013,15757
2/3/2013,13572
2/4/2013,23017
2/5/2013,21177
2/6/2013,20664
2/7/2013,20852
2/8/2013,20571
2/9/2013,11274
2/10/2013,4901
2/11/2013,13468
2/12/2013,20342
2/13/2013,21051
2/14/2013,21034
2/15/2013,22952
2/16/2013,19072
2/17/2013,19044
2/18/2013,22724
2/19/2013,24525
2/20/2013,20938
2/21/2013,19757
2/22/2013,18313
2/23/2013,11234
2/24/2013,9404
2/25/2013,19800
2/26/2013,19595
2/27/2013,21484
2/28/2013,21985
3/1/2013,19487
3/2/2013,15265
3/3/2013,14520
3/4/2013,23036
3/5/2013,27054
3/6/2013,24324
3/7/2013,17322
3/8/2013,13843
3/9/2013,14244
3/10/2013,10163
3/11/2013,16546
3/12/2013,18794
3/13/2013,20245
3/14/2013,21984
3/15/2013,17159
3/16/2013,9190
3/17/2013,7940
3/18/2013,15852
3/19/2013,22479
3/20/2013,22216
3/21/2013,22061
3/22/2013,16233
3/23/2013,5249
3/24/2013,6786
3/25/2013,17290
3/26/2013,18384
3/27/2013,19184
3/28/2013,18052
3/29/2013,10909
3/30/2013,9793
3/31/2013,9007
4/1/2013,9421
4/2/2013,19148
4/3/2013,17801
4/4/2013,15626
4/5/2013,18059
4/6/2013,18216
4/7/2013,18090
4/8/2013,21797
4/9/2013,17555
4/10/2013,22233
4/11/2013,19240
4/12/2013,15100
4/13/2013,11291
4/14/2013,25074
4/15/2013,24923
4/16/2013,26060
4/17/2013,25730
4/18/2013,23979
4/19/2013,24297
4/20/2013,26724
4/21/2013,22466
4/22/2013,25384
4/23/2013,31359
4/24/2013,30193
4/25/2013,32000
4/26/2013,23125
4/27/2013,17337
4/28/2013,19139
4/29/2013,27644
4/30/2013,29219
5/1/2013,31175
5/2/2013,31239
5/3/2013,31340
5/4/2013,19156
5/5/2013,24342
5/6/2013,29015
5/7/2013,30707
5/8/2013,26032
5/9/2013,24250
5/10/2013,26399
5/11/2013,16627
5/12/2013,15918
5/13/2013,24836
5/14/2013,18054
5/15/2013,24015
5/16/2013,26070
5/17/2013,24932
5/18/2013,22272
5/19/2013,23994
5/20/2013,25914
5/21/2013,27649
5/22/2013,26967
5/23/2013,24701
5/24/2013,12891
5/25/2013,21087
5/26/2013,27251
5/27/2013,25819
5/28/2013,14556
5/29/2013,21440
5/30/2013,22150
5/31/2013,29136
6/1/2013,24782
6/2/2013,27202
6/3/2013,29940
6/4/2013,32397
6/5/2013,32488
6/6/2013,32829
6/7/2013,28762
6/8/2013,27264
6/9/2013,19429
6/10/2013,27336
6/11/2013,26601
6/12/2013,24401
6/13/2013,26388
6/14/2013,28797
6/15/2013,16020
6/16/2013,19970
6/17/2013,28611
6/18/2013,30871
6/19/2013,31899
6/20/2013,29959
6/21/2013,28844
6/22/2013,19483
6/23/2013,19006
6/24/2013,27636
6/25/2013,31889
6/26/2013,31156
6/27/2013,27306
6/28/2013,22074
6/29/2013,29054
6/30/2013,31237
7/1/2013,31151
7/2/2013,30163
7/3/2013,30780
7/4/2013,32941
7/5/2013,34704
7/6/2013,34191
7/7/2013,31363
7/8/2013,34263
7/9/2013,35519
7/10/2013,33629
7/11/2013,33792
7/12/2013,33173
7/13/2013,33509
7/14/2013,32169
7/15/2013,34419
7/16/2013,35580
7/17/2013,35203
7/18/2013,35330
7/19/2013,35196
7/20/2013,28332
7/21/2013,30075
7/22/2013,33176
7/23/2013,31624
7/24/2013,34038
7/25/2013,33683
7/26/2013,34681
7/27/2013,25761
7/28/2013,28177
7/29/2013,30415
7/30/2013,22742
7/31/2013,28976
8/1/2013,34770
8/2/2013,29109
8/3/2013,34928
8/4/2013,32580
8/5/2013,23864
8/6/2013,33631
8/7/2013,33084
8/8/2013,33737
8/9/2013,28206
8/10/2013,28830
8/11/2013,29530
8/12/2013,30425
8/13/2013,30933
8/14/2013,31412
8/15/2013,30865
8/16/2013,25555
8/17/2013,23931
8/18/2013,26910
8/19/2013,31183
8/20/2013,33578
8/21/2013,33214
8/22/2013,22363
8/23/2013,30665
8/24/2013,7341
8/25/2013,21638
8/26/2013,27802
8/27/2013,29563
8/28/2013,32024
8/29/2013,31639
8/30/2013,31127
8/31/2013,29718
9/1/2013,23856
9/2/2013,31292
9/3/2013,31600
9/4/2013,33406
9/5/2013,33574
9/6/2013,20930
9/7/2013,21279
9/8/2013,18046
9/9/2013,17943
9/10/2013,24558
9/11/2013,23386
9/12/2013,24246
9/13/2013,15392
9/14/2013,12977
9/15/2013,4826
9/16/2013,21892
9/17/2013,18428
9/18/2013,25319
9/19/2013,18746
9/20/2013,26196
9/21/2013,21988
9/22/2013,22683
9/23/2013,26625
9/24/2013,28666
9/25/2013,28183
9/26/2013,28857
9/27/2013,27371
9/28/2013,21716
9/29/2013,20654
9/30/2013,27089
10/1/2013,27711
10/2/2013,26467
10/3/2013,25153
10/4/2013,26522
10/5/2013,22996
10/6/2013,25143
10/7/2013,26680
10/8/2013,27598
10/9/2013,26433
10/10/2013,23497
10/11/2013,15640
10/12/2013,17068
10/13/2013,7068
10/14/2013,18979
10/15/2013,24657
10/16/2013,20562
10/17/2013,25170
10/18/2013,24880
10/19/2013,17430
10/20/2013,11396
10/21/2013,21385
10/22/2013,22316
10/23/2013,24178
10/24/2013,26399
10/25/2013,23677
10/26/2013,16986
10/27/2013,15652
10/28/2013,14577
10/29/2013,23126
10/30/2013,24753
10/31/2013,20055
11/1/2013,20597
11/2/2013,15347
11/3/2013,13063
11/4/2013,20369
11/5/2013,19326
11/6/2013,18431
11/7/2013,22527
11/8/2013,15188
11/9/2013,6772
11/10/2013,9767
11/11/2013,14377
11/12/2013,19572
11/13/2013,22021
11/14/2013,21061
11/15/2013,20850
11/16/2013,15029
11/17/2013,12340
11/18/2013,18491
11/19/2013,20335
11/20/2013,14115
11/21/2013,18668
11/22/2013,18789
11/23/2013,13276
11/24/2013,10505
11/25/2013,19201
11/26/2013,20486
11/27/2013,20274
11/28/2013,20649
11/29/2013,19397
11/30/2013,13323
12/1/2013,11711
12/2/2013,19630
12/3/2013,20242
12/4/2013,20035
12/5/2013,18326
12/6/2013,18494
12/7/2013,13625
12/8/2013,13076
12/9/2013,19969
12/10/2013,20432
12/11/2013,19123
12/12/2013,19420
12/13/2013,16921
12/14/2013,14049
12/15/2013,8557
12/16/2013,13825
12/17/2013,15689
12/18/2013,17311
12/19/2013,17738
12/20/2013,18046
12/21/2013,5774
12/22/2013,9233
12/23/2013,6246
12/24/2013,6201
12/25/2013,27715
12/26/2013,7666
12/27/2013,7258
12/28/2013,10533
12/29/2013,10983
12/30/2013,8413
12/31/2013,7701
1/1/2014,4327
1/2/2014,15820
1/3/2014,11636
1/4/2014,6918
1/5/2014,9145
1/6/2014,13066
1/7/2014,17420
1/8/2014,19770
1/9/2014,19143
1/10/2014,18840
1/11/2014,15723
1/12/2014,11975
1/13/2014,17721
1/14/2014,20740
1/15/2014,19243
1/16/2014,18861
1/17/2014,17434
1/18/2014,15333
1/19/2014,16083
1/20/2014,21218
1/21/2014,21756
1/22/2014,21072
1/23/2014,20020
1/24/2014,19272
1/25/2014,14581
1/26/2014,7033
1/27/2014,18285
1/28/2014,19939
1/29/2014,10585
1/30/2014,17052
1/31/2014,13859
2/1/2014,13981
2/2/2014,15924
2/3/2014,20370
2/4/2014,21217
2/5/2014,29418
2/6/2014,25395
2/7/2014,19857
2/8/2014,10928
2/9/2014,11657
2/10/2014,19278
2/11/2014,18514
2/12/2014,18000
2/13/2014,20954
2/14/2014,12794
2/15/2014,11208
2/16/2014,18484
2/17/2014,19013
2/18/2014,19484
2/19/2014,21556
2/20/2014,19396
2/21/2014,21269
2/22/2014,20033
2/23/2014,13680
2/24/2014,21469
2/25/2014,20713
2/26/2014,23938
2/27/2014,20629
2/28/2014,13781
3/1/2014,18823
3/2/2014,11727
3/3/2014,18150
3/4/2014,23069
3/5/2014,25102
3/6/2014,24696
3/7/2014,24385
3/8/2014,25556
3/9/2014,33955
3/10/2014,24347
3/11/2014,23871
3/12/2014,27173
3/13/2014,27552
3/14/2014,28134
3/15/2014,29664
3/16/2014,34421
3/17/2014,26465
3/18/2014,25502
3/19/2014,26719
3/20/2014,23718
3/21/2014,23821
3/22/2014,19091
3/23/2014,17463
3/24/2014,24055
3/25/2014,19421
3/26/2014,20493
3/27/2014,23462
3/28/2014,24198
3/29/2014,29511
3/30/2014,26605
3/31/2014,26715
4/1/2014,29782
4/2/2014,28876
4/3/2014,28245
4/4/2014,27401
4/5/2014,25648
4/6/2014,16387
4/7/2014,18883
4/8/2014,26654
4/9/2014,29621
4/10/2014,29229
4/11/2014,28435
4/12/2014,25706
4/13/2014,31404
4/14/2014,28742
4/15/2014,30031
4/16/2014,30934
4/17/2014,27676
4/18/2014,22152
4/19/2014,21424
4/20/2014,7188
4/21/2014,20532
4/22/2014,22689
4/23/2014,27102
4/24/2014,29119
4/25/2014,20400
4/26/2014,25195
4/27/2014,21284
4/28/2014,29474
4/29/2014,46333
4/30/2014,49025
5/1/2014,16644
5/2/2014,26510
5/3/2014,31534
5/4/2014,33030
5/5/2014,33748
5/6/2014,32323
5/7/2014,28802
5/8/2014,19398
5/9/2014,30131
5/10/2014,19373
5/11/2014,17645
5/12/2014,26149
5/13/2014,25351
5/14/2014,34122
5/15/2014,35148
5/16/2014,36268
5/17/2014,38147
5/18/2014,43663
5/19/2014,37088
5/20/2014,33626
5/21/2014,34437
5/22/2014,30819
5/23/2014,30556
5/24/2014,18723
5/25/2014,33401
5/26/2014,12049
5/27/2014,14446
5/28/2014,21978
5/29/2014,29229
5/30/2014,31331
5/31/2014,35040
6/1/2014,36655
6/2/2014,33481
6/3/2014,29332
6/4/2014,25905
6/5/2014,34617
6/6/2014,37440
6/7/2014,29919
6/8/2014,44415
6/9/2014,34305
6/10/2014,40128
6/11/2014,39582
6/12/2014,39928
6/13/2014,40036
6/14/2014,32758
6/15/2014,28944
6/16/2014,31592
6/17/2014,37658
6/18/2014,35431
6/19/2014,36113
6/20/2014,36924
6/21/2014,42463
6/22/2014,41596
6/23/2014,35206
6/24/2014,38066
6/25/2014,39623
6/26/2014,35438
6/27/2014,35912
6/28/2014,20199
6/29/2014,26714
6/30/2014,32193
7/1/2014,39495
7/2/2014,40878
7/3/2014,43116
7/4/2014,38316
7/5/2014,27332
7/6/2014,31117
7/7/2014,36191
7/8/2014,35107
7/9/2014,38844
7/10/2014,32108
7/11/2014,27618
7/12/2014,38331
7/13/2014,33227
7/14/2014,38450
7/15/2014,40888
7/16/2014,42341
7/17/2014,42404
7/18/2014,40543
7/19/2014,37061
7/20/2014,34379
7/21/2014,38499
7/22/2014,42928
7/23/2014,42486
7/24/2014,42412
7/25/2014,31881
7/26/2014,43788
7/27/2014,39917
7/28/2014,36203
7/29/2014,42308
7/30/2014,43044
7/31/2014,41970
8/1/2014,40009
8/2/2014,38046
8/3/2014,41944
8/4/2014,39856
8/5/2014,40716
8/6/2014,38665
8/7/2014,42491
8/8/2014,34234
8/9/2014,47454
8/10/2014,23980
8/11/2014,31725
8/12/2014,34827
8/13/2014,37856
8/14/2014,27185
8/15/2014,32510
8/16/2014,47245
8/17/2014,39952
8/18/2014,30784
8/19/2014,35332
8/20/2014,36817
8/21/2014,33236
8/22/2014,34047
8/23/2014,29999
8/24/2014,30962
8/25/2014,6175
8/26/2014,18448
8/27/2014,32286
8/28/2014,31842
8/29/2014,32439
8/30/2014,30832
8/31/2014,33312
9/1/2014,27455
9/2/2014,36836
9/3/2014,36523
9/4/2014,35448
9/5/2014,35013
9/6/2014,33434
9/7/2014,34248
9/8/2014,36983
9/9/2014,37674
9/10/2014,37091
9/11/2014,35303
9/12/2014,37144
9/13/2014,34174
9/14/2014,31770
9/15/2014,36629
9/16/2014,37535
9/17/2014,38583
9/18/2014,38442
9/19/2014,36841
9/20/2014,31031
9/21/2014,33334
9/22/2014,35178
9/23/2014,36460
9/24/2014,32680
9/25/2014,35367
9/26/2014,35474
9/27/2014,35087
9/28/2014,37873
9/29/2014,31701
9/30/2014,37373
10/1/2014,32733
10/2/2014,36992
10/3/2014,37909
10/4/2014,18967
10/5/2014,33082
10/6/2014,24330
10/7/2014,31465
10/8/2014,23573
10/9/2014,26642
10/10/2014,32510
10/11/2014,30498
10/12/2014,23063
10/13/2014,13299
10/14/2014,28518
10/15/2014,25424
10/16/2014,31541
10/17/2014,32770
10/18/2014,28951
10/19/2014,30480
10/20/2014,31642
10/21/2014,24681
10/22/2014,30642
10/23/2014,31277
10/24/2014,29144
10/25/2014,30053
10/26/2014,26514
10/27/2014,33716
10/28/2014,35320
10/29/2014,23281
10/30/2014,32503
10/31/2014,36478
11/1/2014,31912
11/2/2014,15887
11/3/2014,22347
11/4/2014,23525
11/5/2014,27970
11/6/2014,28274
11/7/2014,26779
11/8/2014,17473
11/9/2014,24099
11/10/2014,28303
11/11/2014,28993
11/12/2014,24878
11/13/2014,27839
11/14/2014,21442
11/15/2014,22842
11/16/2014,17849
11/17/2014,21398
11/18/2014,26094
11/19/2014,28807
11/20/2014,29068
11/21/2014,24070
11/22/2014,18347
11/23/2014,6030
11/24/2014,25884
11/25/2014,24359
11/26/2014,23096
11/27/2014,26765
11/28/2014,26782
11/29/2014,24337
11/30/2014,19998
12/1/2014,24983
12/2/2014,21614
12/3/2014,25376
12/4/2014,19993
12/5/2014,22939
12/6/2014,17431
12/7/2014,12789
12/8/2014,23519
12/9/2014,23925
12/10/2014,25028
12/11/2014,23028
12/12/2014,20436
12/13/2014,18255
12/14/2014,14441
12/15/2014,22940
12/16/2014,23087
12/17/2014,22120
12/18/2014,23196
12/19/2014,21966
12/20/2014,14690
12/21/2014,11802
12/22/2014,18552
12/23/2014,16551
12/24/2014,10385
12/25/2014,39145
12/26/2014,7678
12/27/2014,6349
12/28/2014,9293
12/29/2014,12411
12/30/2014,13120
12/31/2014,12811
1/1/2015,9615
1/2/2015,15389
1/3/2015,5779
1/4/2015,9367
1/5/2015,20566
1/6/2015,20765
1/7/2015,22504
1/8/2015,15769
1/9/2015,22285
1/10/2015,14877
1/11/2015,14738
1/12/2015,17354
1/13/2015,24966
1/14/2015,23767
1/15/2015,23123
1/16/2015,22894
1/17/2015,15443
1/18/2015,13373
1/19/2015,23193
1/20/2015,23384
1/21/2015,22987
1/22/2015,23432
1/23/2015,22093
1/24/2015,17748
1/25/2015,15267
1/26/2015,22867
1/27/2015,25222
1/28/2015,21685
1/29/2015,21421
1/30/2015,21405
1/31/2015,10385
2/1/2015,11420
2/2/2015,21770
2/3/2015,20028
2/4/2015,22056
2/5/2015,21396
2/6/2015,21146
2/7/2015,13324
2/8/2015,15983
2/9/2015,24078
2/10/2015,24399
2/11/2015,23870
2/12/2015,23429
2/13/2015,17836
2/14/2015,14644
2/15/2015,17253
2/16/2015,16548
2/17/2015,25288
2/18/2015,25340
2/19/2015,17081
2/20/2015,21014
2/21/2015,16490
2/22/2015,9214
2/23/2015,21857
2/24/2015,23758
2/25/2015,21708
2/26/2015,20131
2/27/2015,24540
2/28/2015,13677
3/1/2015,15817
3/2/2015,22379
3/3/2015,24001
3/4/2015,24544
3/5/2015,24959
3/6/2015,25527
3/7/2015,27754
3/8/2015,20207
3/9/2015,24230
3/10/2015,27878
3/11/2015,27610
3/12/2015,28324
3/13/2015,25840
3/14/2015,18270
3/15/2015,10744
3/16/2015,19950
3/17/2015,25956
3/18/2015,26618
3/19/2015,24241
3/20/2015,25424
3/21/2015,16304
3/22/2015,18782
3/23/2015,25741
3/24/2015,24161
3/25/2015,25779
3/26/2015,20415
3/27/2015,26567
3/28/2015,19242
3/29/2015,8987
3/30/2015,22235
3/31/2015,22898
4/1/2015,23677
4/2/2015,22818
4/3/2015,11503
4/4/2015,13828
4/5/2015,19685
4/6/2015,25724
4/7/2015,29525
4/8/2015,30882
4/9/2015,31671
4/10/2015,32299
4/11/2015,25415
4/12/2015,29457
4/13/2015,28203
4/14/2015,34830
4/15/2015,37709
4/16/2015,30656
4/17/2015,30001
4/18/2015,29846
4/19/2015,19906
4/20/2015,32163
4/21/2015,35103
4/22/2015,32559
4/23/2015,32935
4/24/2015,32332
4/25/2015,25441
4/26/2015,19565
4/27/2015,30735
4/28/2015,32024
4/29/2015,26197
4/30/2015,31854
5/1/2015,29822
5/2/2015,22474
5/3/2015,21375
5/4/2015,26933
5/5/2015,26633
5/6/2015,24556
5/7/2015,31283
5/8/2015,27029
5/9/2015,27995
5/10/2015,32399
5/11/2015,33872
5/12/2015,33930
5/13/2015,36877
5/14/2015,15657
5/15/2015,32522
5/16/2015,32720
5/17/2015,31506
5/18/2015,24385
5/19/2015,28408
5/20/2015,30650
5/21/2015,34922
5/22/2015,33624
5/23/2015,23989
5/24/2015,30267
5/25/2015,29607
5/26/2015,34880
5/27/2015,36496
5/28/2015,34496
5/29/2015,26155
5/30/2015,29432
5/31/2015,15075
6/1/2015,27893
6/2/2015,28070
6/3/2015,35630
6/4/2015,39687
6/5/2015,35048
6/6/2015,33088
6/7/2015,35757
6/8/2015,32745
6/9/2015,33447
6/10/2015,35862
6/11/2015,38969
6/12/2015,35367
6/13/2015,30566
6/14/2015,25402
6/15/2015,34723
6/16/2015,38166
6/17/2015,38799
6/18/2015,38875
6/19/2015,36220
6/20/2015,26546
6/21/2015,30621
6/22/2015,29711
6/23/2015,37663
6/24/2015,39183
6/25/2015,38856
6/26/2015,37281
6/27/2015,36885
6/28/2015,25846
6/29/2015,39280
6/30/2015,43582
7/1/2015,42891
7/2/2015,38467
7/3/2015,39940
7/4/2015,38640
7/5/2015,29963
7/6/2015,38895
7/7/2015,38120
7/8/2015,41921
7/9/2015,73094
7/10/2015,43266
7/11/2015,42676
7/12/2015,23498
7/13/2015,27646
7/14/2015,35600
7/15/2015,34878
7/16/2015,39609
7/17/2015,38845
7/18/2015,38906
7/19/2015,36989
7/20/2015,32140
7/21/2015,41001
7/22/2015,38133
7/23/2015,39368
7/24/2015,16135
7/25/2015,32982
7/26/2015,12497
7/27/2015,32103
7/28/2015,36310
7/29/2015,37021
7/30/2015,36350
7/31/2015,36932
8/1/2015,43492
8/2/2015,43679
8/3/2015,35609
8/4/2015,37864
8/5/2015,39010
8/6/2015,63963
8/7/2015,39788
8/8/2015,39362
8/9/2015,40758
8/10/2015,35625
8/11/2015,34567
8/12/2015,36838
8/13/2015,26185
8/14/2015,25638
8/15/2015,34137
8/16/2015,30948
8/17/2015,36003
8/18/2015,34776
8/19/2015,31903
8/20/2015,32857
8/21/2015,36329
8/22/2015,44724
8/23/2015,27202
8/24/2015,17520
8/25/2015,28401
8/26/2015,23969
8/27/2015,30856
8/28/2015,33201
8/29/2015,22828
8/30/2015,25191
8/31/2015,9709
9/1/2015,25739
9/2/2015,30313
9/3/2015,31163
9/4/2015,29913
9/5/2015,22475
9/6/2015,29539
9/7/2015,31917
9/8/2015,32968
9/9/2015,33332
9/10/2015,35956
9/11/2015,34690
9/12/2015,29143
9/13/2015,26342
9/14/2015,25923
9/15/2015,28311
9/16/2015,18764
9/17/2015,32336
9/18/2015,30124
9/19/2015,33855
9/20/2015,31380
9/21/2015,23831
9/22/2015,20567
9/23/2015,34193
9/24/2015,29537
9/25/2015,35064
9/26/2015,32955
9/27/2015,30024
9/28/2015,33341
9/29/2015,34591
9/30/2015,35143
10/1/2015,34845
10/2/2015,35782
10/3/2015,29224
10/4/2015,30096
10/5/2015,20833
10/6/2015,25972
10/7/2015,28817
10/8/2015,33877
10/9/2015,34392
10/10/2015,29683
10/11/2015,27984
10/12/2015,31469
10/13/2015,31753
10/14/2015,30815
10/15/2015,31062
10/16/2015,30295
10/17/2015,24555
10/18/2015,23282
10/19/2015,30127
10/20/2015,32949
10/21/2015,19085
10/22/2015,30539
10/23/2015,30515
10/24/2015,17058
10/25/2015,23591
10/26/2015,30606
10/27/2015,32635
10/28/2015,24040
10/29/2015,27534
10/30/2015,24195
10/31/2015,27765
11/1/2015,23085
11/2/2015,28256
11/3/2015,30911
11/4/2015,23675
11/5/2015,24685
11/6/2015,25677
11/7/2015,15031
11/8/2015,18943
11/9/2015,28623
11/10/2015,29429
11/11/2015,30049
11/12/2015,29108
11/13/2015,25410
11/14/2015,8983
11/15/2015,17711
11/16/2015,26676
11/17/2015,23773
11/18/2015,26636
11/19/2015,23852
11/20/2015,25993
11/21/2015,12847
11/22/2015,13205
11/23/2015,24070
11/24/2015,21348
11/25/2015,26187
11/26/2015,26826
11/27/2015,23667
11/28/2015,16523
11/29/2015,11453
11/30/2015,21886
12/1/2015,26714
12/2/2015,27975
12/3/2015,26038
12/4/2015,26130
12/5/2015,16667
12/6/2015,15627
12/7/2015,25897
12/8/2015,23565
12/9/2015,27739
12/10/2015,23251
12/11/2015,23439
12/12/2015,16815
12/13/2015,12364
12/14/2015,23972
12/15/2015,20310
12/16/2015,25740
12/17/2015,25977
12/18/2015,25886
12/19/2015,18883
12/20/2015,13118
12/21/2015,18239
12/22/2015,17571
12/23/2015,18568
12/24/2015,8968
12/25/2015,22871
12/26/2015,10362
12/27/2015,9507
12/28/2015,13851
12/29/2015,15717
12/30/2015,12379
12/31/2015,14024
1/1/2016,9922
1/2/2016,7246
1/3/2016,4894
1/4/2016,20644
1/5/2016,22934
1/6/2016,23199
1/7/2016,18225
1/8/2016,20948
1/9/2016,11674
1/10/2016,14447
1/11/2016,21188
1/12/2016,22924
1/13/2016,24726
1/14/2016,22266
1/15/2016,22594
1/16/2016,16258
1/17/2016,11826
1/18/2016,22905
1/19/2016,23919
1/20/2016,23919
1/21/2016,23490
1/22/2016,18431
1/23/2016,17424
1/24/2016,16474
1/25/2016,25886
1/26/2016,20329
1/27/2016,21816
1/28/2016,25490
1/29/2016,22701
1/30/2016,16528
1/31/2016,11098
2/1/2016,23742
2/2/2016,24643
2/3/2016,24601
2/4/2016,25344
2/5/2016,22806
2/6/2016,13255
2/7/2016,14219
2/8/2016,19924
2/9/2016,23460
2/10/2016,23769
2/11/2016,25393
2/12/2016,22995
2/13/2016,9948
2/14/2016,13782
2/15/2016,21918
2/16/2016,24537
2/17/2016,19168
2/18/2016,23696
2/19/2016,22300
2/20/2016,11224
2/21/2016,14745
2/22/2016,20538
2/23/2016,25832
2/24/2016,25634
2/25/2016,24296
2/26/2016,23714
2/27/2016,14871
2/28/2016,13549
2/29/2016,23738
3/1/2016,20876
3/2/2016,20775
3/3/2016,24559
3/4/2016,24179
3/5/2016,12340
3/6/2016,12591
3/7/2016,22785
3/8/2016,23308
3/9/2016,19280
3/10/2016,23648
3/11/2016,21026
3/12/2016,21834
3/13/2016,21938
3/14/2016,25597
3/15/2016,25379
3/16/2016,25489
3/17/2016,27198
3/18/2016,23210
3/19/2016,18060
3/20/2016,17163
3/21/2016,25990
3/22/2016,29312
3/23/2016,27052
3/24/2016,19477
3/25/2016,25612
3/26/2016,11211
3/27/2016,10149
3/28/2016,10316
3/29/2016,18945
3/30/2016,26700
3/31/2016,28486
4/1/2016,27310
4/2/2016,24416
4/3/2016,21068
4/4/2016,25182
4/5/2016,30155
4/6/2016,24132
4/7/2016,22338
4/8/2016,27357
4/9/2016,19858
4/10/2016,23389
4/11/2016,24162
4/12/2016,30801
4/13/2016,30285
4/14/2016,30566
4/15/2016,15919
4/16/2016,17801
4/17/2016,18274
4/18/2016,28512
4/19/2016,33719
4/20/2016,34577
4/21/2016,31937
4/22/2016,20532
4/23/2016,22060
4/24/2016,18873
4/25/2016,24389
4/26/2016,27862
4/27/2016,28431
4/28/2016,28901
4/29/2016,25658
4/30/2016,24844
5/1/2016,29664
5/2/2016,19598
5/3/2016,32037
5/4/2016,36514
5/5/2016,39104
5/6/2016,40117
5/7/2016,44532
5/8/2016,45301
5/9/2016,30821
5/10/2016,21673
5/11/2016,27922
5/12/2016,38525
5/13/2016,35109
5/14/2016,30442
5/15/2016,34725
5/16/2016,37441
5/17/2016,36810
5/18/2016,24335
5/19/2016,34655
5/20/2016,36101
5/21/2016,26785
5/22/2016,31115
5/23/2016,35451
5/24/2016,36580
5/25/2016,31919
5/26/2016,37442
5/27/2016,36133
5/28/2016,31301
5/29/2016,31246
5/30/2016,24041
5/31/2016,16227
6/1/2016,27156
6/2/2016,29162
6/3/2016,29580
6/4/2016,30140
6/5/2016,40836
6/6/2016,39528
6/7/2016,35137
6/8/2016,34588
6/9/2016,41546
6/10/2016,40139
6/11/2016,29018
6/12/2016,18109
6/13/2016,27571
6/14/2016,30218
6/15/2016,37704
6/16/2016,31406
6/17/2016,32018
6/18/2016,29692
6/19/2016,31372
6/20/2016,22309
6/21/2016,39003
6/22/2016,36628
6/23/2016,25129
6/24/2016,36530
6/25/2016,26357
6/26/2016,29597
6/27/2016,33695
6/28/2016,31701
6/29/2016,31496
6/30/2016,35867
7/1/2016,28108
7/2/2016,30802
7/3/2016,34195
7/4/2016,37628
7/5/2016,40955
7/6/2016,42871
7/7/2016,39670
7/8/2016,37311
7/9/2016,34525
7/10/2016,29556
7/11/2016,32781
7/12/2016,30186
7/13/2016,36128
7/14/2016,40364
7/15/2016,37045
7/16/2016,38916
7/17/2016,38340
7/18/2016,43497
7/19/2016,46625
7/20/2016,45156
7/21/2016,41731
7/22/2016,36401
7/23/2016,42121
7/24/2016,39070
7/25/2016,40999
7/26/2016,42528
7/27/2016,33646
7/28/2016,39009
7/29/2016,35737
7/30/2016,46251
7/31/2016,46276
8/1/2016,30074
8/2/2016,28949
8/3/2016,40683
8/4/2016,39488
8/5/2016,40570
8/6/2016,42579
8/7/2016,38620
8/8/2016,38117
8/9/2016,40052
8/10/2016,38917
8/11/2016,38034
8/12/2016,40645
8/13/2016,43792
8/14/2016,44648
8/15/2016,41764
8/16/2016,40899
8/17/2016,42879
8/18/2016,39379
8/19/2016,25862
8/20/2016,24712
8/21/2016,28625
8/22/2016,36064
8/23/2016,42558
8/24/2016,41088
8/25/2016,38191
8/26/2016,38222
8/27/2016,32656
8/28/2016,26325
8/29/2016,34665
8/30/2016,39992
8/31/2016,39344
9/1/2016,40302
9/2/2016,34661
9/3/2016,23805
9/4/2016,27901
9/5/2016,28210
9/6/2016,37982
9/7/2016,40232
9/8/2016,41004
9/9/2016,36554
9/10/2016,17308
9/11/2016,39906
9/12/2016,39687
9/13/2016,44035
9/14/2016,44909
9/15/2016,42598
9/16/2016,22204
9/17/2016,27548
9/18/2016,29830
9/19/2016,33401
9/20/2016,37658
9/21/2016,40646
9/22/2016,38411
9/23/2016,38963
9/24/2016,36243
9/25/2016,30015
9/26/2016,35059
9/27/2016,36094
9/28/2016,38893
9/29/2016,34840
9/30/2016,34140
10/1/2016,17832
10/2/2016,27335
10/3/2016,35892
10/4/2016,37162
10/5/2016,36314
10/6/2016,35332
10/7/2016,33361
10/8/2016,27236
10/9/2016,25390
10/10/2016,33045
10/11/2016,35254
10/12/2016,32552
10/13/2016,30762
10/14/2016,32637
10/15/2016,23773
10/16/2016,18685
10/17/2016,29007
10/18/2016,33062
10/19/2016,33953
10/20/2016,32624
10/21/2016,30838
10/22/2016,26322
10/23/2016,23812
10/24/2016,30329
10/25/2016,33313
10/26/2016,34322
10/27/2016,34203
10/28/2016,33769
10/29/2016,28114
10/30/2016,24166
10/31/2016,34747
11/1/2016,32334
11/2/2016,32316
11/3/2016,31111
11/4/2016,22143
11/5/2016,19649
11/6/2016,13576
11/7/2016,17329
11/8/2016,26382
11/9/2016,18878
11/10/2016,26075
11/11/2016,28088
11/12/2016,9709
11/13/2016,19258
11/14/2016,24824
11/15/2016,28810
11/16/2016,27646
11/17/2016,27692
11/18/2016,26884
11/19/2016,18288
11/20/2016,10704
11/21/2016,19374
11/22/2016,27723
11/23/2016,29047
11/24/2016,28091
11/25/2016,27692
11/26/2016,19805
11/27/2016,15628
11/28/2016,26980
11/29/2016,27847
11/30/2016,27119
12/1/2016,26431
12/2/2016,26223
12/3/2016,18120
12/4/2016,15448
12/5/2016,26456
12/6/2016,28347
12/7/2016,29735
12/8/2016,28632
12/9/2016,30076
12/10/2016,15054
12/11/2016,17713
12/12/2016,25476
12/13/2016,26747
12/14/2016,29130
12/15/2016,28449
12/16/2016,27926
12/17/2016,17473
12/18/2016,15152
12/19/2016,23736
12/20/2016,25106
12/21/2016,23329
12/22/2016,21659
12/23/2016,14534
12/24/2016,7978
12/25/2016,37401
12/26/2016,11637
12/27/2016,11003
12/28/2016,12530
12/29/2016,14206
12/30/2016,11684
12/31/2016,11584
1/1/2017,6534
1/2/2017,11954
1/3/2017,19622
1/4/2017,22122
1/5/2017,23580
1/6/2017,18973
1/7/2017,13879
1/8/2017,13506
1/9/2017,38042
1/10/2017,28106
1/11/2017,28270
1/12/2017,17109
1/13/2017,20963
1/14/2017,13766
1/15/2017,6752
1/16/2017,19230
1/17/2017,27281
1/18/2017,27194
1/19/2017,26826
1/20/2017,25125
1/21/2017,17552
1/22/2017,15628
1/23/2017,23280
1/24/2017,26611
1/25/2017,25175
1/26/2017,23831
1/27/2017,23387
1/28/2017,17523
1/29/2017,9078
1/30/2017,24969
1/31/2017,22623
2/1/2017,23181
2/2/2017,25601
2/3/2017,23231
2/4/2017,17324
2/5/2017,14570
2/6/2017,24312
2/7/2017,27156
2/8/2017,25770
2/9/2017,22900
2/10/2017,18673
2/11/2017,9394
2/12/2017,10272
2/13/2017,24159
2/14/2017,26649
2/15/2017,24330
2/16/2017,26649
2/17/2017,25883
2/18/2017,21292
2/19/2017,19169
2/20/2017,28665
2/21/2017,28929
2/22/2017,27290
2/23/2017,22520
2/24/2017,26832
2/25/2017,14132
2/26/2017,14911
2/27/2017,20001
2/28/2017,24755
3/1/2017,24746
3/2/2017,26938
3/3/2017,22914
3/4/2017,21546
3/5/2017,10593
3/6/2017,26917
3/7/2017,29174
3/8/2017,24440
3/9/2017,31113
3/10/2017,28126
3/11/2017,30560
3/12/2017,15850
3/13/2017,32177
3/14/2017,30857
3/15/2017,34548
3/16/2017,31876
3/17/2017,26481
3/18/2017,7771
3/19/2017,19335
3/20/2017,24145
3/21/2017,30182
3/22/2017,23725
3/23/2017,27639
3/24/2017,27578
3/25/2017,28374
3/26/2017,24090
3/27/2017,30887
3/28/2017,32314
3/29/2017,29907
3/30/2017,34219
3/31/2017,30730
4/1/2017,28237
4/2/2017,31064
4/3/2017,34287
4/4/2017,30887
4/5/2017,33985
4/6/2017,36003
4/7/2017,35434
4/8/2017,38878
4/9/2017,42854
4/10/2017,31158
4/11/2017,35436
4/12/2017,32570
4/13/2017,30343
4/14/2017,22357
4/15/2017,24627
4/16/2017,23090
4/17/2017,20130
4/18/2017,29490
4/19/2017,32500
4/20/2017,33546
4/21/2017,31510
4/22/2017,28323
4/23/2017,28736
4/24/2017,28500
4/25/2017,32383
4/26/2017,28360
4/27/2017,26727
4/28/2017,30390
4/29/2017,28450
4/30/2017,27461
5/1/2017,18493
5/2/2017,32945
5/3/2017,27191
5/4/2017,31200
5/5/2017,31355
5/6/2017,29020
5/7/2017,28491
5/8/2017,30426
5/9/2017,33211
5/10/2017,36305
5/11/2017,33911
5/12/2017,32618
5/13/2017,29539
5/14/2017,30145
5/15/2017,25882
5/16/2017,35964
5/17/2017,18926
5/18/2017,23268
5/19/2017,28730
5/20/2017,26825
5/21/2017,33728
5/22/2017,40021
5/23/2017,39259
5/24/2017,41644
5/25/2017,43528
5/26/2017,43701
5/27/2017,35354
5/28/2017,27909
5/29/2017,26476
5/30/2017,37517
5/31/2017,39019
6/1/2017,42514
6/2/2017,34459
6/3/2017,38635
6/4/2017,30840
6/5/2017,30846
6/6/2017,17387
6/7/2017,34819
6/8/2017,32751
6/9/2017,33705
6/10/2017,36788
6/11/2017,32997
6/12/2017,36114
6/13/2017,41337
6/14/2017,44762
6/15/2017,42249
6/16/2017,40288
6/17/2017,41719
6/18/2017,38577
6/19/2017,41624
6/20/2017,43185
6/21/2017,43885
6/22/2017,39708
6/23/2017,40025
6/24/2017,30271
6/25/2017,31012
6/26/2017,42096
6/27/2017,24206
6/28/2017,33008
6/29/2017,38137
6/30/2017,40350
7/1/2017,36183
7/2/2017,42875
7/3/2017,39970
7/4/2017,43784
7/5/2017,46035
7/6/2017,44386
7/7/2017,43547
7/8/2017,40196
7/9/2017,38912
7/10/2017,41086
7/11/2017,25955
7/12/2017,38377
7/13/2017,42082
7/14/2017,38932
7/15/2017,30690
7/16/2017,31595
7/17/2017,41811
7/18/2017,41804
7/19/2017,39340
7/20/2017,37164
7/21/2017,37967
7/22/2017,16392
7/23/2017,26432
7/24/2017,32515
7/25/2017,41029
7/26/2017,33566
7/27/2017,32588
7/28/2017,32857
7/29/2017,23334
7/30/2017,31893
7/31/2017,38541
8/1/2017,39837
8/2/2017,27123
8/3/2017,34430
8/4/2017,34893
8/5/2017,27715
8/6/2017,31536
8/7/2017,32303
8/8/2017,33854
8/9/2017,11525
8/10/2017,35707
8/11/2017,34462
8/12/2017,31034
8/13/2017,34928
8/14/2017,35979
8/15/2017,38181
8/16/2017,37037
8/17/2017,31947
8/18/2017,28252
8/19/2017,29156
8/20/2017,25270
8/21/2017,27725
8/22/2017,33327
8/23/2017,34439
8/24/2017,34548
8/25/2017,35108
8/26/2017,31442
8/27/2017,33657
8/28/2017,34862
8/29/2017,35427
8/30/2017,22542
8/31/2017,35953
9/1/2017,36194
9/2/2017,35246
9/3/2017,21934
9/4/2017,28710
9/5/2017,32336
9/6/2017,36559
9/7/2017,35614
9/8/2017,23199
9/9/2017,28349
9/10/2017,21298
9/11/2017,26886
9/12/2017,32569
9/13/2017,32583
9/14/2017,33252
9/15/2017,31628
9/16/2017,26166
9/17/2017,25300
9/18/2017,30718
9/19/2017,34917
9/20/2017,35149
9/21/2017,31174
9/22/2017,36125
9/23/2017,30654
9/24/2017,32726
9/25/2017,30066
9/26/2017,37394
9/27/2017,34694
9/28/2017,35526
9/29/2017,28782
9/30/2017,29003
10/1/2017,22814
10/2/2017,33891
10/3/2017,37187
10/4/2017,36798
10/5/2017,34779
10/6/2017,35344
10/7/2017,25505
10/8/2017,28830
10/9/2017,34182
10/10/2017,35961
10/11/2017,32760
10/12/2017,36372
10/13/2017,34229
10/14/2017,32123
10/15/2017,32696
10/16/2017,34787
10/17/2017,35199
10/18/2017,27348
10/19/2017,31069
10/20/2017,31306
10/21/2017,22475
10/22/2017,21013
10/23/2017,30604
10/24/2017,33732
10/25/2017,36064
10/26/2017,28423
10/27/2017,34654
10/28/2017,26633
10/29/2017,22228
10/30/2017,31364
10/31/2017,33312
11/1/2017,34747
11/2/2017,34290
11/3/2017,34716
11/4/2017,17801
11/5/2017,21588
11/6/2017,30663
11/7/2017,27314
11/8/2017,29455
11/9/2017,31374
11/10/2017,28480
11/11/2017,16679
11/12/2017,16460
11/13/2017,29301
11/14/2017,29355
11/15/2017,30564
11/16/2017,31112
11/17/2017,29876
11/18/2017,12976
11/19/2017,18874
11/20/2017,25998
11/21/2017,31316
11/22/2017,31315
11/23/2017,30147
11/24/2017,28930
11/25/2017,17691
11/26/2017,15229
11/27/2017,24324
11/28/2017,28202
11/29/2017,27319
11/30/2017,25986
12/1/2017,24321
12/2/2017,16887
12/3/2017,12773
12/4/2017,27613
12/5/2017,29611
12/6/2017,29058
12/7/2017,24810
12/8/2017,24431
12/9/2017,15509
12/10/2017,5143
12/11/2017,13055
12/12/2017,22780
12/13/2017,20074
12/14/2017,24064
12/15/2017,21107
12/16/2017,12229
12/17/2017,7519
12/18/2017,23414
12/19/2017,22935
12/20/2017,21801
12/21/2017,20945
12/22/2017,17124
12/23/2017,9725
12/24/2017,7498
12/25/2017,27305
12/26/2017,7149
12/27/2017,5426
12/28/2017,11236
12/29/2017,8346
12/30/2017,10908
12/31/2017,9292
1/1/2018,10235
1/2/2018,14394
1/3/2018,20265
1/4/2018,17543
1/5/2018,21759
1/6/2018,13920
1/7/2018,12259
1/8/2018,23374
1/9/2018,24683
1/10/2018,26787
1/11/2018,25222
1/12/2018,24696
1/13/2018,17512
1/14/2018,15070
1/15/2018,19161
1/16/2018,26921
1/17/2018,26934
1/18/2018,26471
1/19/2018,25799
1/20/2018,9398
1/21/2018,5859
1/22/2018,26337
1/23/2018,26003
1/24/2018,20206
1/25/2018,28189
1/26/2018,26430
1/27/2018,14472
1/28/2018,17512
1/29/2018,26371
1/30/2018,28002
1/31/2018,24117
2/1/2018,25525
2/2/2018,25331
2/3/2018,8975
2/4/2018,13833
2/5/2018,23898
2/6/2018,25349
2/7/2018,25388
2/8/2018,25791
2/9/2018,21037
2/10/2018,9956
2/11/2018,14621
2/12/2018,24719
2/13/2018,20931
2/14/2018,18866
2/15/2018,25264
2/16/2018,25411
2/17/2018,23169
2/18/2018,18624
2/19/2018,19879
2/20/2018,25055
2/21/2018,26434
2/22/2018,26179
2/23/2018,23067
2/24/2018,16522
2/25/2018,14037
2/26/2018,19204
2/27/2018,18741
2/28/2018,10619
3/1/2018,8744
3/2/2018,8234
3/3/2018,7924
3/4/2018,10853
3/5/2018,24818
3/6/2018,26301
3/7/2018,22044
3/8/2018,25967
3/9/2018,18912
3/10/2018,18717
3/11/2018,16259
3/12/2018,19996
3/13/2018,28069
3/14/2018,28769
3/15/2018,25318
3/16/2018,28308
3/17/2018,8106
3/18/2018,6624
3/19/2018,20488
3/20/2018,24582
3/21/2018,27719
3/22/2018,27228
3/23/2018,26894
3/24/2018,18804
3/25/2018,19723
3/26/2018,29486
3/27/2018,22603
3/28/2018,15800
3/29/2018,20237
3/30/2018,6362
3/31/2018,11032
4/1/2018,13504
4/2/2018,7998
4/3/2018,22708
4/4/2018,23173
4/5/2018,30508
4/6/2018,30690
4/7/2018,25909
4/8/2018,9759
4/9/2018,16324
4/10/2018,26751
4/11/2018,24883
4/12/2018,26473
4/13/2018,27363
4/14/2018,34235
4/15/2018,21324
4/16/2018,30730
4/17/2018,33025
4/18/2018,40544
4/19/2018,43585
4/20/2018,45048
4/21/2018,42328
4/22/2018,38395
4/23/2018,35940
4/24/2018,33430
4/25/2018,33426
4/26/2018,34995
4/27/2018,21387
4/28/2018,17368
4/29/2018,15822
4/30/2018,17112
5/1/2018,34598
5/2/2018,23727
5/3/2018,35477
5/4/2018,36447
5/5/2018,39070
5/6/2018,40606
5/7/2018,45435
5/8/2018,41579
5/9/2018,41130
5/10/2018,38054
5/11/2018,38386
5/12/2018,16717
5/13/2018,29190
5/14/2018,38095
5/15/2018,42106
5/16/2018,34627
5/17/2018,37549
5/18/2018,37305
5/19/2018,36895
5/20/2018,39964
5/21/2018,38800
5/22/2018,41242
5/23/2018,38229
5/24/2018,31970
5/25/2018,35108
5/26/2018,33573
5/27/2018,33192
5/28/2018,36742
5/29/2018,24312
5/30/2018,34884
5/31/2018,37677
6/1/2018,37293
6/2/2018,38293
6/3/2018,39871
6/4/2018,35255
6/5/2018,37048
6/6/2018,41592
6/7/2018,37841
6/8/2018,39576
6/9/2018,36466
6/10/2018,38562
6/11/2018,41027
6/12/2018,38487
6/13/2018,40569
6/14/2018,37871
6/15/2018,39862
6/16/2018,31329
6/17/2018,26769
6/18/2018,39768
6/19/2018,41862
6/20/2018,41134
6/21/2018,41533
6/22/2018,41765
6/23/2018,38772
6/24/2018,38982
6/25/2018,44565
6/26/2018,46084
6/27/2018,44788
6/28/2018,43075
6/29/2018,43081
6/30/2018,38522
7/1/2018,37334
7/2/2018,42556
7/3/2018,44655
7/4/2018,43511
7/5/2018,44052
7/6/2018,43143
7/7/2018,36308
7/8/2018,38196
7/9/2018,41893
7/10/2018,43535
7/11/2018,44003
7/12/2018,41826
7/13/2018,38879
7/14/2018,37733
7/15/2018,37299
7/16/2018,41828
7/17/2018,43392
7/18/2018,43183
7/19/2018,42857
7/20/2018,40297
7/21/2018,38763
7/22/2018,37683
7/23/2018,42509
7/24/2018,44195
7/25/2018,44870
7/26/2018,43343
7/27/2018,34606
7/28/2018,41145
7/29/2018,18974
7/30/2018,38274
7/31/2018,42260
8/1/2018,43691
8/2/2018,43292
8/3/2018,40908
8/4/2018,39318
8/5/2018,40220
8/6/2018,41963
8/7/2018,40954
8/8/2018,42676
8/9/2018,20574
8/10/2018,29253
8/11/2018,33214
8/12/2018,23113
8/13/2018,36510
8/14/2018,40735
8/15/2018,40930
8/16/2018,28400
8/17/2018,36869
8/18/2018,31691
8/19/2018,32209
8/20/2018,37839
8/21/2018,40293
8/22/2018,38401
8/23/2018,34492
8/24/2018,27839
8/25/2018,25490
8/26/2018,8177
8/27/2018,25059
8/28/2018,34791
8/29/2018,27070
8/30/2018,37001
8/31/2018,35209
9/1/2018,35326
9/2/2018,35048
9/3/2018,36068
9/4/2018,36581
9/5/2018,36059
9/6/2018,34778
9/7/2018,35451
9/8/2018,28318
9/9/2018,30598
9/10/2018,36965
9/11/2018,37221
9/12/2018,33403
9/13/2018,38708
9/14/2018,35332
9/15/2018,33465
9/16/2018,32055
9/17/2018,39190
9/18/2018,38360
9/19/2018,37027
9/20/2018,35317
9/21/2018,32942
9/22/2018,12376
9/23/2018,13192
9/24/2018,34563
9/25/2018,36730
9/26/2018,39281
9/27/2018,39835
9/28/2018,35817
9/29/2018,32941
9/30/2018,25254
10/1/2018,34411
10/2/2018,37515
10/3/2018,38434
10/4/2018,36930
10/5/2018,39569
10/6/2018,10043
10/7/2018,25713
10/8/2018,35156
10/9/2018,39132
10/10/2018,39398
10/11/2018,35875
10/12/2018,35747
10/13/2018,36393
10/14/2018,10292
10/15/2018,28044
10/16/2018,37920
10/17/2018,30482
10/18/2018,35206
10/19/2018,34707
10/20/2018,32588
10/21/2018,32484
10/22/2018,34430
10/23/2018,34889
10/24/2018,35656
10/25/2018,34640
10/26/2018,27636
10/27/2018,18756
10/28/2018,13675
10/29/2018,29409
10/30/2018,30269
10/31/2018,32891
11/1/2018,23475
11/2/2018,31083
11/3/2018,25142
11/4/2018,21829
11/5/2018,31421
11/6/2018,33038
11/7/2018,27656
11/8/2018,32933
11/9/2018,27403
11/10/2018,14732
11/11/2018,18455
11/12/2018,26077
11/13/2018,32062
11/14/2018,33339
11/15/2018,33043
11/16/2018,28581
11/17/2018,20518
11/18/2018,9585
11/19/2018,18246
11/20/2018,15237
11/21/2018,25022
11/22/2018,26112
11/23/2018,25881
11/24/2018,15813
11/25/2018,14529
11/26/2018,27509
11/27/2018,22128
11/28/2018,22846
11/29/2018,25714
11/30/2018,28615
12/1/2018,14046
12/2/2018,15990
12/3/2018,25801
12/4/2018,28982
12/5/2018,23816
12/6/2018,16600
12/7/2018,18608
12/8/2018,16515
12/9/2018,15441
12/10/2018,27880
12/11/2018,28904
12/12/2018,27494
12/13/2018,25997
12/14/2018,24076
12/15/2018,8076
12/16/2018,12123
12/17/2018,24973
12/18/2018,20180
12/19/2018,22425
12/20/2018,23694
12/21/2018,19169
12/22/2018,13310
12/23/2018,6748
12/24/2018,10043
12/25/2018,35267
12/26/2018,10841
12/27/2018,12310
12/28/2018,13794
12/29/2018,13100
12/30/2018,12922
12/31/2018,16305
1/1/2019,14148
1/2/2019,19746
1/3/2019,21552
1/4/2019,20863
1/5/2019,13907
1/6/2019,14262
1/7/2019,25668
1/8/2019,27757
1/9/2019,26568
1/10/2019,26022
1/11/2019,26378
1/12/2019,16750
1/13/2019,16304
1/14/2019,28097
1/15/2019,29413
1/16/2019,24500
1/17/2019,26053
1/18/2019,25525
1/19/2019,16653
1/20/2019,16803
1/21/2019,26567
1/22/2019,23083
1/23/2019,25406
1/24/2019,24357
1/25/2019,24198
1/26/2019,15062
1/27/2019,10596
1/28/2019,25859
1/29/2019,24732
1/30/2019,25482
1/31/2019,23487
2/1/2019,12841
2/2/2019,14136
2/3/2019,14637
2/4/2019,18254
2/5/2019,25682
2/6/2019,26197
2/7/2019,26703
2/8/2019,17468
2/9/2019,17439
2/10/2019,10800
2/11/2019,27439
2/12/2019,28786
2/13/2019,29145
2/14/2019,29270
2/15/2019,28838
2/16/2019,20560
2/17/2019,24383
2/18/2019,23815
2/19/2019,28927
2/20/2019,28971
2/21/2019,30474
2/22/2019,29703
2/23/2019,29242
2/24/2019,26092
2/25/2019,31480
2/26/2019,34996
2/27/2019,35420
2/28/2019,27219
3/1/2019,28255
3/2/2019,22795
3/3/2019,9641
3/4/2019,26532
3/5/2019,29701
3/6/2019,25449
3/7/2019,24884
3/8/2019,23635
3/9/2019,19951
3/10/2019,12111
3/11/2019,27725
3/12/2019,21718
3/13/2019,26816
3/14/2019,23699
3/15/2019,26123
3/16/2019,14594
3/17/2019,14390
3/18/2019,27824
3/19/2019,27683
3/20/2019,30485
3/21/2019,31307
3/22/2019,28229
3/23/2019,25897
3/24/2019,27408
3/25/2019,31215
3/26/2019,31955
3/27/2019,31263
3/28/2019,32315
3/29/2019,35321
3/30/2019,33026
3/31/2019,20325
4/1/2019,31834
4/2/2019,24529
4/3/2019,27059
4/4/2019,25493
4/5/2019,27536
4/6/2019,20423
4/7/2019,16897
4/8/2019,26527
4/9/2019,25534
4/10/2019,31699
4/11/2019,30961
4/12/2019,27403
4/13/2019,19856
4/14/2019,20896
4/15/2019,30837
4/16/2019,31842
4/17/2019,37203
4/18/2019,36574
4/19/2019,36505
4/20/2019,38712
4/21/2019,36686
4/22/2019,35435
4/23/2019,34948
4/24/2019,34593
4/25/2019,34494
4/26/2019,32006
4/27/2019,18379
4/28/2019,22631
4/29/2019,33748
4/30/2019,38908
5/1/2019,37952
5/2/2019,32563
5/3/2019,28182
5/4/2019,19806
5/5/2019,22896
5/6/2019,22472
5/7/2019,34646
5/8/2019,20276
5/9/2019,28404
5/10/2019,34078
5/11/2019,25475
5/12/2019,31836
5/13/2019,37537
5/14/2019,39647
5/15/2019,39054
5/16/2019,38408
5/17/2019,29846
5/18/2019,28138
5/19/2019,26727
5/20/2019,36072
5/21/2019,41251
5/22/2019,40312
5/23/2019,41314
5/24/2019,37280
5/25/2019,33151
5/26/2019,26802
5/27/2019,28309
5/28/2019,34443
5/29/2019,31203
5/30/2019,39450
5/31/2019,39017
6/1/2019,40800
6/2/2019,33865
6/3/2019,37306
6/4/2019,31948
6/5/2019,38033
6/6/2019,38141
6/7/2019,25122
6/8/2019,26656
6/9/2019,29311
6/10/2019,13358
6/11/2019,34285
6/12/2019,25449
6/13/2019,26617
6/14/2019,33837
6/15/2019,28235
6/16/2019,26102
6/17/2019,38894
6/18/2019,29854
6/19/2019,33190
6/20/2019,38345
6/21/2019,38656
6/22/2019,36858
6/23/2019,30851
6/24/2019,38617
6/25/2019,38200
6/26/2019,39620
6/27/2019,41692
6/28/2019,39986
6/29/2019,38616
6/30/2019,33990
7/1/2019,39257
7/2/2019,42658
7/3/2019,43924
7/4/2019,44668
7/5/2019,42466
7/6/2019,34018
7/7/2019,29889
7/8/2019,39670
7/9/2019,41447
7/10/2019,42343
7/11/2019,41916
7/12/2019,41305
7/13/2019,36204
7/14/2019,27858
7/15/2019,39489
7/16/2019,43693
7/17/2019,41959
7/18/2019,34240
7/19/2019,25620
7/20/2019,31351
7/21/2019,33251
7/22/2019,40842
7/23/2019,44457
7/24/2019,42296
7/25/2019,39323
7/26/2019,31517
7/27/2019,19950
7/28/2019,29319
7/29/2019,41472
7/30/2019,27449
7/31/2019,38299
8/1/2019,39898
8/2/2019,38278
8/3/2019,39388
8/4/2019,34341
8/5/2019,34041
8/6/2019,39369
8/7/2019,37776
8/8/2019,40667
8/9/2019,30719
8/10/2019,25956
8/11/2019,29952
8/12/2019,29570
8/13/2019,39534
8/14/2019,19154
8/15/2019,38018
8/16/2019,23388
8/17/2019,29360
8/18/2019,24122
8/19/2019,33048
8/20/2019,39255
8/21/2019,38251
8/22/2019,38056
8/23/2019,35995
8/24/2019,30776
8/25/2019,31355
8/26/2019,33150
8/27/2019,37597
8/28/2019,36576
8/29/2019,38337
8/30/2019,37147
8/31/2019,30847
9/1/2019,29486
9/2/2019,35280
9/3/2019,37229
9/4/2019,33933
9/5/2019,36722
9/6/2019,31798
9/7/2019,28038
9/8/2019,27969
9/9/2019,29440
9/10/2019,36814
9/11/2019,35787
9/12/2019,38252
9/13/2019,37354
9/14/2019,34966
9/15/2019,33698
9/16/2019,32747
9/17/2019,39025
9/18/2019,38751
9/19/2019,38271
9/20/2019,37699
9/21/2019,36479
9/22/2019,24154
9/23/2019,30941
9/24/2019,21563
9/25/2019,32427
9/26/2019,28976
9/27/2019,29557
9/28/2019,24960
9/29/2019,15478
9/30/2019,27787
10/1/2019,24631
10/2/2019,33923
10/3/2019,32707
10/4/2019,32314
10/5/2019,26578
10/6/2019,21690
10/7/2019,28418
10/8/2019,32894
10/9/2019,34874
10/10/2019,35641
10/11/2019,25222
10/12/2019,10047
10/13/2019,16040
10/14/2019,22519
10/15/2019,34372
10/16/2019,30763
10/17/2019,30259
10/18/2019,29675
10/19/2019,25400
10/20/2019,20545
10/21/2019,24215
10/22/2019,33916
10/23/2019,31786
10/24/2019,23489
10/25/2019,28988
10/26/2019,14397
10/27/2019,22155
10/28/2019,30208
10/29/2019,31225
10/30/2019,32157
10/31/2019,30951
11/1/2019,25128
11/2/2019,14557
11/3/2019,18356
11/4/2019,29198
11/5/2019,31016
11/6/2019,30745
11/7/2019,30244
11/8/2019,26194
11/9/2019,12350
11/10/2019,18491
11/11/2019,28080
11/12/2019,27391
11/13/2019,29661
11/14/2019,28649
11/15/2019,21318
11/16/2019,18553
11/17/2019,18082
11/18/2019,28521
11/19/2019,28760
11/20/2019,29437
11/21/2019,27064
11/22/2019,24865
11/23/2019,14904
11/24/2019,15599
11/25/2019,25722
11/26/2019,26982
11/27/2019,26575
11/28/2019,26030
11/29/2019,28463
11/30/2019,18176
12/1/2019,14242
12/2/2019,27306
12/3/2019,29645
12/4/2019,29458
12/5/2019,28547
12/6/2019,21917
12/7/2019,19235
12/8/2019,15139
12/9/2019,27089
12/10/2019,24198
12/11/2019,27414
12/12/2019,19740
12/13/2019,23189
12/14/2019,14862
12/15/2019,14077
12/16/2019,24344
12/17/2019,19747
12/18/2019,24745
12/19/2019,21679
12/20/2019,14451
12/21/2019,9370
12/22/2019,10407
12/23/2019,15878
12/24/2019,10478
12/25/2019,34674
12/26/2019,5649
12/27/2019,11718
12/28/2019,11414
12/29/2019,12256
12/30/2019,16166
12/31/2019,13043
1/1/2020,11141
1/2/2020,18675
1/3/2020,18434
1/4/2020,15695
1/5/2020,12977
1/6/2020,23771
1/7/2020,27548
1/8/2020,28267
1/9/2020,26621
1/10/2020,26844
1/11/2020,18206
1/12/2020,16501
1/13/2020,23838
1/14/2020,23018
1/15/2020,22496
1/16/2020,26302
1/17/2020,25806
1/18/2020,19812
1/19/2020,17915
1/20/2020,28248
1/21/2020,28829
1/22/2020,27721
1/23/2020,28416
1/24/2020,26408
1/25/2020,18190
1/26/2020,12849
1/27/2020,23481
1/28/2020,28215
1/29/2020,28955
1/30/2020,27962
1/31/2020,26373
2/1/2020,20286
2/2/2020,16214
2/3/2020,28264
2/4/2020,29470
2/5/2020,29709
2/6/2020,29476
2/7/2020,28233
2/8/2020,21802
2/9/2020,6474
2/10/2020,21872
2/11/2020,27194
2/12/2020,27944
2/13/2020,25451
2/14/2020,26503
2/15/2020,9828
2/16/2020,6510
2/17/2020,25727
2/18/2020,25245
2/19/2020,24292
2/20/2020,22656
2/21/2020,24879
2/22/2020,18655
2/23/2020,14073
2/24/2020,23510
2/25/2020,27093
2/26/2020,28056
2/27/2020,20355
2/28/2020,18673
2/29/2020,12537
3/1/2020,16823
3/2/2020,26481
3/3/2020,29205
3/4/2020,23387
3/5/2020,17022
3/6/2020,27941
3/7/2020,20212
3/8/2020,14909
3/9/2020,22847
3/10/2020,28182
3/11/2020,29708
3/12/2020,26838
3/13/2020,25231
3/14/2020,18729
3/15/2020,13259
3/16/2020,24351
3/17/2020,19262
3/18/2020,17397
3/19/2020,13360
3/20/2020,13686
3/21/2020,17539
3/22/2020,16220
3/23/2020,11631
3/24/2020,10160
3/25/2020,10636
3/26/2020,10970
3/27/2020,11022
3/28/2020,12931
3/29/2020,7332
3/30/2020,6983
3/31/2020,9087
4/1/2020,9190
4/2/2020,9896
4/3/2020,11136
4/4/2020,22102
4/5/2020,28899
4/6/2020,10559
4/7/2020,14768
4/8/2020,13656
4/9/2020,17448
4/10/2020,27287
4/11/2020,33448
4/12/2020,29526
4/13/2020,18010
4/14/2020,14618
4/15/2020,18061
4/16/2020,16656
4/17/2020,11208
4/18/2020,20323
4/19/2020,39984
4/20/2020,17444
4/21/2020,18736
4/22/2020,21162
4/23/2020,23858
4/24/2020,23358
4/25/2020,38041
4/26/2020,39088
4/27/2020,17194
4/28/2020,4871
4/29/2020,11422
4/30/2020,9109
5/1/2020,14657
5/2/2020,38468
5/3/2020,26976
5/4/2020,18327
5/5/2020,18500
5/6/2020,23338
5/7/2020,27378
5/8/2020,43656
5/9/2020,48724
5/10/2020,23527
5/11/2020,13360
5/12/2020,20108
5/13/2020,16878
5/14/2020,20434
5/15/2020,28349
5/16/2020,46217
5/17/2020,51411
5/18/2020,29581
5/19/2020,35510
5/20/2020,42805
5/21/2020,36165
5/22/2020,36798
5/23/2020,40748
5/24/2020,55780
5/25/2020,67000
5/26/2020,38353
5/27/2020,38295
5/28/2020,40653
5/29/2020,45645
5/30/2020,70074
5/31/2020,62905
6/1/2020,38362
6/2/2020,45512
6/3/2020,28908
6/4/2020,27745
6/5/2020,28578
6/6/2020,27721
6/7/2020,39208
6/8/2020,28841
6/9/2020,36692
6/10/2020,16955
6/11/2020,24699
6/12/2020,26980
6/13/2020,65022
6/14/2020,57494
6/15/2020,37978
6/16/2020,37745
6/17/2020,26510
6/18/2020,25654
6/19/2020,36573
6/20/2020,64022
6/21/2020,45468
6/22/2020,42984
6/23/2020,48259
6/24/2020,52094
6/25/2020,52345
6/26/2020,50940
6/27/2020,41337
6/28/2020,42193
6/29/2020,32523
6/30/2020,28679
7/1/2020,31467
7/2/2020,28048
7/3/2020,37411
7/4/2020,42158
7/5/2020,47215
7/6/2020,33682
7/7/2020,32202
7/8/2020,22304
7/9/2020,26121
7/10/2020,38129
7/11/2020,51348
7/12/2020,49637
7/13/2020,35307
7/14/2020,35213
7/15/2020,34117
7/16/2020,37394
7/17/2020,46718
7/18/2020,56637
7/19/2020,33962
7/20/2020,39234
7/21/2020,40527
7/22/2020,41558
7/23/2020,40093
7/24/2020,40907
7/25/2020,24806
7/26/2020,34183
7/27/2020,23873
7/28/2020,37855
7/29/2020,41123
7/30/2020,43059
7/31/2020,43130
8/1/2020,49579
8/2/2020,44086
8/3/2020,36811
8/4/2020,41420
8/5/2020,42665
8/6/2020,41163
8/7/2020,43332
8/8/2020,47654
8/9/2020,44687
8/10/2020,40027
8/11/2020,43123
8/12/2020,41949
8/13/2020,34291
8/14/2020,30311
8/15/2020,30825
8/16/2020,32716
8/17/2020,32054
8/18/2020,39680
8/19/2020,20681
8/20/2020,42879
8/21/2020,35546
8/22/2020,44587
8/23/2020,37221
8/24/2020,31635
8/25/2020,27199
8/26/2020,41178
8/27/2020,23755
8/28/2020,27681
8/29/2020,29066
8/30/2020,35216
8/31/2020,39847
9/1/2020,36663
9/2/2020,31798
9/3/2020,30828
9/4/2020,35991
9/5/2020,42628
9/6/2020,39964
9/7/2020,32942
9/8/2020,38501
9/9/2020,39419
9/10/2020,40260
9/11/2020,38338
9/12/2020,47604
9/13/2020,47135
9/14/2020,31627
9/15/2020,43586
9/16/2020,43344
9/17/2020,42025
9/18/2020,42095
9/19/2020,51750
9/20/2020,47816
9/21/2020,38762
9/22/2020,46176
9/23/2020,30727
9/24/2020,32990
9/25/2020,30829
9/26/2020,34338
9/27/2020,26681
9/28/2020,33130
9/29/2020,32104
9/30/2020,27195
10/1/2020,34437
10/2/2020,12205
10/3/2020,21901
10/4/2020,8778
10/5/2020,25745
10/6/2020,30722
10/7/2020,34221
10/8/2020,29144
10/9/2020,29387
10/10/2020,34832
10/11/2020,34115
10/12/2020,21307
10/13/2020,20946
10/14/2020,29588
10/15/2020,30106
10/16/2020,33853
10/17/2020,34161
10/18/2020,31537
10/19/2020,29218
10/20/2020,32560
10/21/2020,17838
10/22/2020,31980
10/23/2020,32322
10/24/2020,26243
10/25/2020,27452
10/26/2020,29566
10/27/2020,21481
10/28/2020,27734
10/29/2020,21953
10/30/2020,29401
10/31/2020,23242
11/1/2020,25619
11/2/2020,27661
11/3/2020,28621
11/4/2020,36967
11/5/2020,19757
11/6/2020,21845
11/7/2020,40467
11/8/2020,31315
11/9/2020,19954
11/10/2020,24858
11/11/2020,23660
11/12/2020,25864
11/13/2020,25761
11/14/2020,15486
11/15/2020,22683
11/16/2020,19150
11/17/2020,23522
11/18/2020,23009
11/19/2020,20453
11/20/2020,18222
11/21/2020,35352
11/22/2020,35314
11/23/2020,21672
11/24/2020,22766
11/25/2020,22099
11/26/2020,23690
11/27/2020,23658
11/28/2020,34390
11/29/2020,27085
11/30/2020,19167
12/1/2020,22282
12/2/2020,24615
12/3/2020,14619
12/4/2020,22624
12/5/2020,31470
12/6/2020,20583
12/7/2020,19778
12/8/2020,21625
12/9/2020,23013
12/10/2020,23516
12/11/2020,24943
12/12/2020,29258
12/13/2020,13220
12/14/2020,15959
12/15/2020,26241
12/16/2020,17574
12/17/2020,22945
12/18/2020,18542
12/19/2020,16643
12/20/2020,17397
12/21/2020,11190
12/22/2020,14805
12/23/2020,13215
12/24/2020,15630
12/25/2020,17741
12/26/2020,12557
12/27/2020,17726
12/28/2020,12631
12/29/2020,14666
12/30/2020,17079
12/31/2020,15004
1/1/2021,10981
1/2/2021,17560
1/3/2021,13616
1/4/2021,10374
1/5/2021,9566
1/6/2021,12382
1/7/2021,12593
1/8/2021,11387
1/9/2021,19696
1/10/2021,13796
1/11/2021,11687
1/12/2021,11761
1/13/2021,8589
1/14/2021,6731
1/15/2021,13989
1/16/2021,12296
1/17/2021,24892
1/18/2021,12987
1/19/2021,12765
1/20/2021,9216
1/21/2021,15093
1/22/2021,16854
1/23/2021,24456
1/24/2021,6632
1/25/2021,13250
1/26/2021,10898
1/27/2021,12479
1/28/2021,13783
1/29/2021,14807
1/30/2021,7915
1/31/2021,16730
2/1/2021,12563
2/2/2021,14459
2/3/2021,13017
2/4/2021,11153
2/5/2021,19520
2/6/2021,19063
2/7/2021,6252
2/8/2021,6725
2/9/2021,7263
2/10/2021,11723
2/11/2021,11144
2/12/2021,11859
2/13/2021,15958
2/14/2021,14034
2/15/2021,13491
2/16/2021,12393
2/17/2021,12945
2/18/2021,16279
2/19/2021,17584
2/20/2021,39918
2/21/2021,33629
2/22/2021,13922
2/23/2021,21689
2/24/2021,22259
2/25/2021,18457
2/26/2021,29662
2/27/2021,52427
2/28/2021,31418
